predictor,train,test,1,2,3,4,5
asage_1km,0.3538,0.24698,0.2475,0.4125,0.15,0.56666,0.4175
bio13,0.03732,0.05376,-0.0225,0.0650000000000001,0.005,0.1,0
bio5,0,0,0,0,-0.0125,0,0.0625
bio6,0,0,0,0,0,0,0.03
mix_18km,0,0,0,0,0,0,0
ndvi_270,0,0,0,0,0,0,0
rddens_18km,0,0,0,0,0,0,0
