predictor,train,test,1,2,3,4,5
asage_1km,0.0142600000000001,0.0887000000000001,0.0825,0.25124,-0.00750000000000006,0.23666,0.2325
bio13,0.00246000000000002,0.02522,-0.01,0.0399999999999999,-0.0325,0.14668,-0.00126000000000004
bio5,0.00127999999999995,-0.0025599999999999,0.00749999999999995,-0.015,-0.04998,0.08834,0.00249999999999995
bio6,0.00453999999999999,0.00912000000000002,-0.0325000000000001,-0.00375999999999999,-0.01126,-0.00331999999999999,-0.0037600000000001
mix_18km,0.00115999999999994,0.01166,0.00124000000000002,-0.0462600000000001,0.01376,0.00334000000000001,0.0112399999999999
ndvi_270,0.00341999999999998,0.0259200000000001,-0.055,-0.0225000000000001,0.02624,0.02666,0.0437399999999999
rddens_18km,0.00295999999999996,0.00250000000000006,-0.005,-0.0850000000000001,-0.00750000000000006,0.03168,-0.0175000000000001
