predictor,train,test,1,2,3,4,5
asage_1km,0,0,0.16,0.0216999999999999,0.0804,0.0166999999999999,-0.2267
bio1,0.07642,0.03482,0.12004,-0.02174,0.23036,0.0549799999999999,-0.26666
cfrst_18km,0.3106,0.31722,0.49604,0.54782,0.2643,0.53,0.10934
mix_18km,0,0,0.16,0.0216999999999999,0.0696600000000001,0.0166999999999999,-0.2267
ndvi_270,0.0553199999999999,0.09468,0.0560200000000001,0.03476,0.0804,0.07666,-0.33068
rddens_18km,0,0,0.16,0.0216999999999999,0.0804,0.0166999999999999,-0.2267
