predictor,train,test,1,2,3,4,5
max_temp,0.01754,-0.00358000000000003,0,0,0,0,0
min_temp,0,0,0,0,0,-0.00750000000000006,0
mixed_shrub,0.13642,0.08156,0.10668,0.15,0.21252,0.12,0.265
ndvi,0,0,0,0,0,0,0
precip_wet_quarter,0.06946,0.0337999999999999,-0.03198,0,0,0.00749999999999995,0
road_density,0.02852,-0.00522,-0.0266399999999999,0.035,0.0125200000000001,0,0
sagebrush,0.22134,0.14976,0.22938,0.1975,0.39066,0.1725,0.21502
