predictor,train,test,1,2,3,4,5
max_temp,0,0,0,0,0,0,0
min_temp,0.10896,-0.00475999999999999,0.0600000000000001,0.1062,0.1147,0.01756,-0.0275
mixed_shrub,0,0,0,0,0,0.0787800000000001,0
ndvi,0,0,0,0,0,0,0
precip_wet_quarter,0.14198,0.13236,0.1875,0.11556,0.21336,0.00256000000000001,0.105
road_density,0.01096,0.031,0,0,-0.01598,0,-0.015
sagebrush,0.18754,0.21468,0.2225,0.14682,0.28004,0.04508,0.0625
