predictor,train,1,2,3,4,5
asage_1km,0.02286,-0.000380000000000047,0.07284,0.0102599999999999,0.0675399999999999,0.03298
bio6,0.00814000000000004,0.05192,-0.0246599999999999,0.0965199999999999,0.05004,-0.000680000000000014
cfrst_18km,0.05474,0.0211399999999999,0.02314,0.08246,0.0975199999999999,0.08092
mix_18km,0.00522,0.00641999999999998,-0.00309999999999999,0.000900000000000012,0.01628,-0.0125
ndvi_270,0.01602,0.0645,-0.00371999999999995,0.03622,0.03688,0.0191
rddens_18km,0.00473999999999997,-0.00682000000000005,-0.0362399999999999,-0.00502000000000002,-0.01374,0.00558000000000003
