predictor,train,test,1,2,3,4,5
asage_1km,0.2439,0.21532,0.32504,0.2125,0.3075,0.3175,0.21596
bio13,0.13336,0.07894,0.14066,0.1075,0.2075,0.21,0.16794
bio5,0,0,0,0,0,0,0
mix_18km,0,0,0,0,0,0,0
ndvi_270,0,0,0,0,0,0,0
rddens_18km,0.0727,-0.00888,0.0938,0.115,0.0650000000000001,0.0974999999999999,0.03464
