predictor,train,test,1,2,3,4,5
annual_mean_temp,0,0,0,0,0,0,0
annual_precip,0,0,0,0,0,0,0
conifer_forest,0.0965400000000001,0.1461,0.0275000000000001,0.12192,0.3725,-0.0375,0.14668
max_temp,0,0,0,0,0,0,0
min_temp,0,0,0,0,-0.135,0,0
mixed_shrub,0,0,0.15,0,0,0,0
ndvi,0,0,0,0,0,0,0
precip_wet_quarter,0.1129,0.1599,0,0,0,0,0
road_density,0.02944,0.02438,0,0,0,-0.0649999999999999,0
sagebrush,0.0607799999999999,0.14186,0.0199800000000001,0.14068,0,0.02,0.11736
tri,0,0,0,0,0,0,0
