predictor,train,test,1,2,3,4,5
asage_1km,0.1769,0.17802,0.0531200000000001,0.1675,0.2175,0.205,0.13998
bio13,0.0767600000000001,0.03138,0.16248,0.125,0.0775,0.0475199999999999,0.06932
bio5,0.00907999999999998,-0.0262600000000001,-0.00312000000000001,0.0299999999999999,0.015,-0.0412600000000001,-0.012
mix_18km,0.00138000000000005,0.00361999999999996,0.0109199999999999,-0.0175000000000001,0.00249999999999995,-0.0125000000000001,-0.01068
ndvi_270,0.00115999999999994,0.00923999999999991,2.000000000002e-05,0.0399999999999999,0.02,0.0774999999999999,-0.0293599999999999
rddens_18km,0.02354,-0.0159400000000001,0.0327999999999999,0.11374,0.00250000000000006,0.0262399999999999,-0.0440199999999999
