predictor,train,1,2,3,4,5
asage_1km,0.21782,0.32938,0.29092,0.27808,0.19582,0.2787
bio13,0.0527,0.17812,0.0895400000000001,0.19744,0.12706,0.0711999999999999
bio5,0,0.05,0.1076,0.0774,0.0659,0.1187
mix_18km,0.16728,0.05,0.1076,0.0774,0.19684,0.1187
ndvi_270,0,0.05,0.1076,0.0774,0.0659,0.1187
rddens_18km,0.05192,0.0599999999999999,0.0791000000000001,0.04388,0.0423399999999999,0.1187
